78099861	U
78099862	U
78099863	U
78099864	U
78099865	U
78099866	U
78099867	U
78099868	U
78099869	U
78099870	U
78099871	U
78099872	U
78099873	U
78099874	U
78099875	U
78099876	U
78099877	U
78099878	U
78099879	U
78099880	U
78099881	U
78099882	U
78152975	U
78152976	U
78152977	U
78152978	U
78152979	U
78152980	U
78152981	U
78152982	U
78152983	U
78152984	U
78152985	U
78152986	U
78152987	U
78152988	U
78152989	U
78152990	U
78152991	U
78152992	U
78152993	U
78152994	U
78152995	U
78152996	U
78152997	U
78152998	U
78152999	U
78153000	U
78153001	U
78153002	U
78153003	U
78208899	U
78208900	U
78208901	U
78208902	U
78208903	U
78208904	U
78208905	U
78208906	U
78208907	U
78208908	U
78208909	U
78208910	U
78208911	U
78208912	U
78208913	U
78208914	U
78208915	U
78208916	U
78208917	U
78208918	U
78208919	U
78208920	U
78208921	U
78326789	U
78326790	U
78326791	U
78326792	U
78326793	U
78326794	U
78326795	U
78326796	U
78326797	U
78326798	U
78370047	U
78370048	U
78370050	U
78370051	U
78370052	U
78370053	U
78370054	U
78370055	U
78370056	U
78370057	U
78370058	U
78370059	U
78497892	U
78497893	U
78497894	U
78497895	U
78497896	U
78497897	U
78497898	U
78497899	U
78497900	U
78497901	U
78497902	U
78497903	U
78497904	U
78497905	U
78497906	U
78497907	U
78497908	U
78497909	U
78497910	U
78497911	U
78497912	U
78497913	U
78497914	U
78497915	U
78497916	U
78497917	U
78497918	U
78497919	U
78497920	U
78497921	U
78525822	U
78567317	U
78727568	U
78727569	U
78727570	U
78897640	U
79026264	U
79051619	U
79169575	U
79434567	U
79556051	U
79614986	U
79615209	U
79796086	U
79848580	U
79887576	U
80076286	U
84672949	U
84672950	U
84673454	U
84673559	U
84673561	U
95740702	U
95740703	U
95740704	U
95740705	U
95740706	U
95740707	U
95740708	U
95740709	U
95740710	U
95740711	U
95740712	U
95740713	U
95740714	U
95740715	U
95740716	U
95740717	U
95740718	U
95740719	U
95740720	U
95740721	U
95740722	U
95740723	U
95740724	U
95740725	U
95740726	U
95740727	U
95740728	U
95740729	U
95740730	U
95740731	U
95740732	U
95740733	U
95740734	U
95740735	U
95740736	U
95740737	U
95740738	U
95740739	U
95740740	U
95740741	U
95740742	U
95740743	U
95740744	U
95740745	U
95740746	U
95740747	U
95740748	U
95740749	U
95740750	U
95740751	U
95740752	U
95740753	U
95740754	U
95740755	U
95740756	U
95740757	U
95740758	U
95740759	U
95740760	U
95740761	U
104738698	U
104738699	U
104738700	U
104738724	U
104738725	U
104738726	U
104738727	U
104738729	U
104738730	U
104738731	U
104738792	U
104738794	U
104738795	U
104738796	U
104738797	U
104738798	U
104738799	U
104738800	U
104738802	U
104738816	U
104738832	U
104738937	U
104739178	U
104739188	U
104739190	U
104739191	U
104739193	U
104739195	U
104739201	U
104739219	U
104739220	U
104739221	U
104739222	U
104739228	U
104739229	U
104739230	U
104739237	U
104739238	U
104739239	U
104739240	U
104739249	U
104739279	U
104739280	U
104739283	U
104739284	U
104739285	U
104739287	U
104739288	U
104739290	U
104739299	U
104739301	U
104739333	U
104739335	U
104739336	U
104739339	U
104739342	U
104739441	U
104739451	U
110103365	U
110103368	U
110103376	U
110103380	U
110103442	U
110103444	U
110103447	U
110103449	U
110103454	U
110103490	U
110103498	U
110103509	U
110103524	U
110103535	U
110103585	U
110103599	U
110103605	U
110103607	U
110103609	U
110103655	U
110103662	U
110103665	U
110103672	U
110103680	U
110103733	U
110103734	U
110103735	U
110103738	U
110103739	U
110103763	U
110103776	U
110103786	U
110103798	U
110103800	U
110103881	U
110103883	U
110103885	U
110103888	U
110103891	U
110103989	U
110103994	U
110103998	U
110104001	U
110104007	U
110104077	U
110104079	U
110104084	U
110104088	U
110104089	U
110104137	U
110104139	U
110104141	U
110104144	U
110104146	U
110104239	U
110104248	U
110104256	U
110104263	U
110104272	U
110104331	U
110104335	U
110104340	U
110104344	U
110104347	U
110104403	U
110104406	U
110104412	U
110104413	U
110104416	U
110104463	U
110104475	U
110104485	U
110104494	U
110104508	U
110104651	U
110104652	U
110104654	U
110104659	U
110104660	U
110104708	U
110104711	U
110104721	U
110104725	U
110104729	U
110104790	U
110104791	U
110104793	U
110104795	U
110104798	U
110104868	U
110104871	U
110104872	U
110104875	U
110104876	U
110104926	U
110104927	U
110104929	U
110104931	U
110104932	U
110104978	U
110104982	U
110104988	U
110104994	U
110104998	U
110105030	U
110105033	U
110105036	U
110105037	U
110105040	U
110105103	U
110105109	U
110105116	U
110105120	U
110105123	U
110105154	U
110105156	U
110105157	U
110105158	U
110105159	U
110105220	U
112181957	I
112181958	I
112181959	I
112181960	I
112181961	I
112181962	I
112181963	I
112181964	I
112181965	I
112181966	I
112181967	I
112181968	I